{
    "accuracy": 0.9708888888888889, 
    "false_negative": 0.03125, 
    "false_positive": 0.014765554553651939, 
    "num_true_negatives": 8872, 
    "num_true_positives": 128, 
    "num_windows": 9000, 
    "runtime": 0.295052, 
    "window_size": 30, 
    "window_thres": 28
}