{
    "accuracy": 0.9653333333333334, 
    "false_negative": 0.0078125, 
    "false_positive": 0.0175834084761046, 
    "num_true_negatives": 8872, 
    "num_true_positives": 128, 
    "num_windows": 9000, 
    "runtime": 18.9909, 
    "window_size": 30, 
    "window_thres": 28
}