{
    "accuracy": 0.9897777777777778, 
    "false_negative": 0.0, 
    "false_positive": 0.005184851217312894, 
    "num_true_negatives": 8872, 
    "num_true_positives": 128, 
    "num_windows": 9000, 
    "runtime": 9.18294, 
    "window_size": 30, 
    "window_thres": 28
}