{
    "accuracy": 0.9666666666666667, 
    "false_negative": 0.03125, 
    "false_positive": 0.01690712353471596, 
    "num_true_negatives": 8872, 
    "num_true_positives": 128, 
    "num_windows": 9000, 
    "runtime": 0.303859, 
    "window_size": 30, 
    "window_thres": 28
}