{
    "accuracy": 0.9646666666666667, 
    "false_negative": 0.0, 
    "false_positive": 0.01792155094679892, 
    "num_true_negatives": 8872, 
    "num_true_positives": 128, 
    "num_windows": 9000, 
    "runtime": 2.27195, 
    "window_size": 30, 
    "window_thres": 28
}