{
    "accuracy": 0.9906666666666667, 
    "false_negative": 0.0, 
    "false_positive": 0.004733994589720469, 
    "num_true_negatives": 8872, 
    "num_true_positives": 128, 
    "num_windows": 9000, 
    "runtime": 39.8456, 
    "window_size": 30, 
    "window_thres": 28
}