{
    "accuracy": 0.9675555555555555, 
    "false_negative": 0.0, 
    "false_positive": 0.016456266907123533, 
    "num_true_negatives": 8872, 
    "num_true_positives": 128, 
    "num_windows": 9000, 
    "runtime": 3.60274, 
    "window_size": 30, 
    "window_thres": 28
}