{
    "accuracy": 0.9817777777777777, 
    "false_negative": 0.0, 
    "false_positive": 0.009242560865644725, 
    "num_true_negatives": 8872, 
    "num_true_positives": 128, 
    "num_windows": 9000, 
    "runtime": 4.67058, 
    "window_size": 30, 
    "window_thres": 28
}