{
    "accuracy": 0.9626666666666667, 
    "false_negative": 0.0, 
    "false_positive": 0.018935978358881875, 
    "num_true_negatives": 8872, 
    "num_true_positives": 128, 
    "num_windows": 9000, 
    "runtime": 6.21992, 
    "window_size": 30, 
    "window_thres": 28
}