{
    "accuracy": 0.9802222222222222, 
    "false_negative": 0.0, 
    "false_positive": 0.01003155996393147, 
    "num_true_negatives": 8872, 
    "num_true_positives": 128, 
    "num_windows": 9000, 
    "runtime": 6.57293, 
    "window_size": 30, 
    "window_thres": 28
}