{
    "accuracy": 0.9691111111111111, 
    "false_negative": 0.03125, 
    "false_positive": 0.01566726780883679, 
    "num_true_negatives": 8872, 
    "num_true_positives": 128, 
    "num_windows": 9000, 
    "runtime": 0.282155, 
    "window_size": 30, 
    "window_thres": 28
}