{
    "accuracy": 0.9644444444444444, 
    "false_negative": 0.0, 
    "false_positive": 0.018034265103697024, 
    "num_true_negatives": 8872, 
    "num_true_positives": 128, 
    "num_windows": 9000, 
    "runtime": 2.94449, 
    "window_size": 30, 
    "window_thres": 28
}