{
    "accuracy": 0.9806666666666667, 
    "false_negative": 0.0, 
    "false_positive": 0.009806131650135257, 
    "num_true_negatives": 8872, 
    "num_true_positives": 128, 
    "num_windows": 9000, 
    "runtime": 12.7044, 
    "window_size": 30, 
    "window_thres": 28
}