{
    "accuracy": 0.9895555555555555, 
    "false_negative": 0.0, 
    "false_positive": 0.005297565374211001, 
    "num_true_negatives": 8872, 
    "num_true_positives": 128, 
    "num_windows": 9000, 
    "runtime": 15.3843, 
    "window_size": 30, 
    "window_thres": 28
}