{
    "accuracy": 0.9506666666666667, 
    "false_negative": 0.0078125, 
    "false_positive": 0.02502254283137962, 
    "num_true_negatives": 8872, 
    "num_true_positives": 128, 
    "num_windows": 9000, 
    "runtime": 4.91163, 
    "window_size": 30, 
    "window_thres": 28
}