{
    "accuracy": 0.9762222222222222, 
    "false_negative": 0.0078125, 
    "false_positive": 0.012060414788097384, 
    "num_true_negatives": 8872, 
    "num_true_positives": 128, 
    "num_windows": 9000, 
    "runtime": 4.97078, 
    "window_size": 30, 
    "window_thres": 28
}