{
    "accuracy": 0.9657777777777777, 
    "false_negative": 0.03125, 
    "false_positive": 0.017357980162308388, 
    "num_true_negatives": 8872, 
    "num_true_positives": 128, 
    "num_windows": 9000, 
    "runtime": 0.285886, 
    "window_size": 30, 
    "window_thres": 28
}