{
    "accuracy": 0.9748888888888889, 
    "false_negative": 0.0078125, 
    "false_positive": 0.012736699729486024, 
    "num_true_negatives": 8872, 
    "num_true_positives": 128, 
    "num_windows": 9000, 
    "runtime": 4.80206, 
    "window_size": 30, 
    "window_thres": 28
}