{
    "accuracy": 0.9677777777777777, 
    "false_negative": 0.0, 
    "false_positive": 0.016343552750225428, 
    "num_true_negatives": 8872, 
    "num_true_positives": 128, 
    "num_windows": 9000, 
    "runtime": 2.38883, 
    "window_size": 30, 
    "window_thres": 28
}