{
    "accuracy": 0.9682222222222222, 
    "false_negative": 0.015625, 
    "false_positive": 0.016118124436429217, 
    "num_true_negatives": 8872, 
    "num_true_positives": 128, 
    "num_windows": 9000, 
    "runtime": 4.09632, 
    "window_size": 30, 
    "window_thres": 28
}