{
    "accuracy": 0.9662222222222222, 
    "false_negative": 0.0, 
    "false_positive": 0.017132551848512173, 
    "num_true_negatives": 8872, 
    "num_true_positives": 128, 
    "num_windows": 9000, 
    "runtime": 3.77347, 
    "window_size": 30, 
    "window_thres": 28
}