{
    "accuracy": 0.9744444444444444, 
    "false_negative": 0.0078125, 
    "false_positive": 0.012962128043282237, 
    "num_true_negatives": 8872, 
    "num_true_positives": 128, 
    "num_windows": 9000, 
    "runtime": 5.12771, 
    "window_size": 30, 
    "window_thres": 28
}