{
    "accuracy": 0.9828888888888889, 
    "false_negative": 0.0, 
    "false_positive": 0.008678990081154194, 
    "num_true_negatives": 8872, 
    "num_true_positives": 128, 
    "num_windows": 9000, 
    "runtime": 8.9314, 
    "window_size": 30, 
    "window_thres": 28
}