{
    "accuracy": 0.9575555555555556, 
    "false_negative": 0.0, 
    "false_positive": 0.021528403967538322, 
    "num_true_negatives": 8872, 
    "num_true_positives": 128, 
    "num_windows": 9000, 
    "runtime": 2.29227, 
    "window_size": 30, 
    "window_thres": 28
}