{
    "accuracy": 0.9633333333333334, 
    "false_negative": 0.0078125, 
    "false_positive": 0.018597835888187555, 
    "num_true_negatives": 8872, 
    "num_true_positives": 128, 
    "num_windows": 9000, 
    "runtime": 2.78016, 
    "window_size": 30, 
    "window_thres": 28
}