{
    "accuracy": 0.9746666666666667, 
    "false_negative": 0.0, 
    "false_positive": 0.01284941388638413, 
    "num_true_negatives": 8872, 
    "num_true_positives": 128, 
    "num_windows": 9000, 
    "runtime": 4.63674, 
    "window_size": 30, 
    "window_thres": 28
}