{
    "accuracy": 0.9757777777777777, 
    "false_negative": 0.0, 
    "false_positive": 0.012285843101893597, 
    "num_true_negatives": 8872, 
    "num_true_positives": 128, 
    "num_windows": 9000, 
    "runtime": 5.01625, 
    "window_size": 30, 
    "window_thres": 28
}