{
    "accuracy": 0.9815555555555555, 
    "false_negative": 0.015625, 
    "false_positive": 0.009355275022542832, 
    "num_true_negatives": 8872, 
    "num_true_positives": 128, 
    "num_windows": 9000, 
    "runtime": 4.21818, 
    "window_size": 30, 
    "window_thres": 28
}