{
    "accuracy": 0.9808888888888889, 
    "false_negative": 0.0, 
    "false_positive": 0.00969341749323715, 
    "num_true_negatives": 8872, 
    "num_true_positives": 128, 
    "num_windows": 9000, 
    "runtime": 12.2265, 
    "window_size": 30, 
    "window_thres": 28
}