{
    "accuracy": 0.9904444444444445, 
    "false_negative": 0.0, 
    "false_positive": 0.004846708746618575, 
    "num_true_negatives": 8872, 
    "num_true_positives": 128, 
    "num_windows": 9000, 
    "runtime": 11.3724, 
    "window_size": 30, 
    "window_thres": 28
}