{
    "accuracy": 0.9835555555555555, 
    "false_negative": 0.0, 
    "false_positive": 0.008340847610459874, 
    "num_true_negatives": 8872, 
    "num_true_positives": 128, 
    "num_windows": 9000, 
    "runtime": 14.9901, 
    "window_size": 30, 
    "window_thres": 28
}