{
    "accuracy": 0.9717777777777777, 
    "false_negative": 0.0, 
    "false_positive": 0.014314697926059513, 
    "num_true_negatives": 8872, 
    "num_true_positives": 128, 
    "num_windows": 9000, 
    "runtime": 20.2415, 
    "window_size": 30, 
    "window_thres": 28
}