{
    "accuracy": 0.9822222222222222, 
    "false_negative": 0.0, 
    "false_positive": 0.009017132551848512, 
    "num_true_negatives": 8872, 
    "num_true_positives": 128, 
    "num_windows": 9000, 
    "runtime": 5.71748, 
    "window_size": 30, 
    "window_thres": 28
}